<?xml version="1.0" encoding="UTF-8"?>
<project-private xmlns="http://www.netbeans.org/ns/project-private/1">
    <editor-bookmarks xmlns="http://www.netbeans.org/ns/editor-bookmarks/2" lastBookmarkId="0"/>
    <open-files xmlns="http://www.netbeans.org/ns/projectui-open-files/2">
        <group>
            <file>file:/G:/Work/Semester%202/Java/Java%20FXML%20Project/ATM%20Simulator%20System/src/atmsimulatorsystem/assistant/ui/ApplicationFormPage1/applicationformpage1.css</file>
            <file>file:/G:/Work/Semester%202/Java/Java%20FXML%20Project/ATM%20Simulator%20System/src/atmsimulatorsystem/assistant/ui/ApplicationFormPage1/ApplicationFormPage1.java</file>
            <file>file:/G:/Work/Semester%202/Java/Java%20FXML%20Project/ATM%20Simulator%20System/src/atmsimulatorsystem/assistant/ui/ApplicationFormPage1/ApplicationFormPage1Controller.java</file>
            <file>file:/G:/Work/Semester%202/Java/Java%20FXML%20Project/ATM%20Simulator%20System/src/atmsimulator/assistant/ui/Database/DatabaseHandler.java</file>
        </group>
    </open-files>
</project-private>
